Model,Accuracy
LogisticRegression,0.6229508196721312
RandomForest,0.5901639344262295
DecisionTree,0.5737704918032787
SVM,0.5737704918032787
